run,mse,settling_us,power_mw,c_mismatch_pct
1,6.398828495995232e-06,6.5447293116751375,0.8410120179273933,6.312411518397065
2,5.729842918020323e-06,6.072585394548983,0.8950003324579926,1.9101522411774894
3,5.84897488716831e-06,5.893702004358525,0.8011644834726331,2.5873588692905525
4,6.011448983945004e-06,6.224413043774379,0.8160932577008765,3.515760892766695
5,5.728240349977629e-06,6.272455058118514,0.7705047935365912,2.452549442161198
6,6.3494643402213625e-06,6.376334397778793,0.7585525802060487,2.5507592573594917
7,5.31196637707479e-06,6.083663868765789,0.7484469298669555,5.551235627560258
8,6.784467435666601e-06,6.2519590034506285,0.7785165237194885,4.636082206797078
9,5.630152533558837e-06,6.327563559236358,0.8123164722473823,4.0325590513815435
10,5.904316215060111e-06,6.215670973174608,0.7537638530335234,3.5251915221662307
11,6.267507359456361e-06,6.267618597940251,0.8890640156442312,4.387866504735696
12,6.705096138577824e-06,6.101001406417157,0.7411312012009097,6.501696472868613
13,5.866731927378539e-06,5.9516617652536805,0.848360264023923,2.3552898670131572
14,6.2865485601463316e-06,6.1224990555654975,0.841535885652701,2.190362588968109
15,5.505430282189741e-06,6.2495502466106885,0.7617322966707782,2.468599627401671
16,6.662627595789006e-06,5.959557584760219,0.8797063823803362,4.693116776664967
17,5.925220059018833e-06,6.062741477526904,0.8629462439801712,4.0957248955504255
18,5.9541490137776035e-06,6.218884877344923,0.7566009063358349,1.343980039316588
19,6.229116960396403e-06,6.005171088489639,0.8533040887233367,2.650809774013032
20,6.577444782656794e-06,6.278167786975233,0.8361116550094176,2.657374904848162
21,6.730544916764667e-06,6.540729946400715,0.7794209229851892,5.5550714282686915
22,5.523159089475505e-06,6.5430043239190265,0.7945248985509168,3.917405487974266
23,6.337666328578658e-06,6.082269454621437,0.8276575370688128,2.8320800136652635
24,5.870792989596697e-06,6.0215471157386,0.8721059146335409,1.5015566941062541
25,6.174848032384003e-06,6.085086297633238,0.8063224169263546,3.501513473623978
26,6.497535503590623e-06,6.284425692289762,0.8274059564776568,2.552333568940006
27,5.7409828715467386e-06,6.028263889475626,0.7977190624815187,4.024676449561045
28,6.21101584849344e-06,6.143276307842977,0.8986975680770362,3.4524086393537363
29,5.926961646689743e-06,5.925998101847022,0.8274053123880101,1.0391015671636006
30,7.101796256248328e-06,6.022203461117462,0.8690120248640983,4.239545635328947
31,5.441508070040714e-06,6.119748306060955,0.8346973465488253,3.2407890102582604
32,5.587179238260354e-06,6.293503201326394,0.7514921931511334,2.510133685773006
33,5.927224518886472e-06,6.328412559677003,0.7646591522305378,5.78837604403671
34,5.286090955682532e-06,6.151881233099356,0.9035243656675302,3.076449070791083
35,5.613981394942432e-06,6.157066757839211,0.9302942581285927,5.706361167174614
36,6.536411917903115e-06,6.17087840548481,0.7906028858124668,4.968459343479649
37,6.19729409778111e-06,6.37013212278416,0.6073630386088359,1.881552035051994
38,5.693582748775342e-06,6.1688593301616175,0.8199991223169478,4.073984493685758
39,6.774823501410822e-06,5.930932547804353,0.8694835783465221,6.8414541521222585
40,6.437225227300414e-06,6.190398954408681,0.8301728297642145,2.30911463681434
41,6.759114477160014e-06,6.12558170639608,0.6856142542662105,2.1291011854670416
42,6.175008380737238e-06,6.070521089928097,0.8128906522008803,4.324603734643895
43,6.030487290063096e-06,6.034236154172336,0.7625422408522624,3.8110281222247426
44,6.2747229844199816e-06,6.320308661898658,0.9456049863140769,2.603102018114838
45,6.6932859712583e-06,6.202651100180637,0.7556692125975809,2.7288527484485203
46,6.157676032249916e-06,5.966989318840138,0.7957040014296172,2.9047505101746918
47,6.727807832662007e-06,5.861766141761364,0.803900610578251,8.09038933847238
48,7.232163701768943e-06,6.16049874463203,0.8267928619059031,4.537187601759374
49,6.552686921085902e-06,6.40673159174536,0.7563740453927243,3.4738136471061205
50,5.646315646802335e-06,6.054429426078926,0.7459179108851344,3.637458082908749
51,5.763100819350398e-06,6.04266154015891,0.8215259519128275,2.9653643389662965
52,6.543295275556307e-06,5.967928541700804,0.7857772211064135,4.670409810713001
53,5.67210279566831e-06,6.05400963371012,0.9092807125979361,3.5047750382724523
54,6.713770390775355e-06,6.161244977357492,0.7826084232503001,4.336006540912818
55,5.593636761745388e-06,5.976499177679806,0.7371060593674897,5.357420764734037
56,6.309962434703226e-06,6.384184786932168,0.8132501994440836,4.872221500822698
57,7.050090337829751e-06,5.955530344680903,0.8238997121194735,3.9797135088177322
58,6.192947539344138e-06,6.131208569484931,0.6314142072301958,1.9972051692184765
59,6.432624765344057e-06,5.929445575639968,0.7520562205381617,2.0375047800278923
60,6.404344976834466e-06,6.029449549013112,0.7750464688357646,2.78445761730296
61,5.893034949439225e-06,5.949764675236258,0.9294580047594424,3.914733522383087
62,6.247973647496659e-06,6.066992107223859,0.7371036014414417,3.2443595846379547
63,5.718059787089074e-06,6.192706581549403,0.8027006444192821,5.307943144363632
64,6.101839172792552e-06,6.159475413141168,0.757509022239838,3.8626900024561777
65,5.559036266168632e-06,6.215541109474858,0.8306740214311318,5.441591906183872
66,5.647423849393778e-06,6.228138337590791,0.7322318573017695,3.3942792077001993
67,5.612339242530294e-06,6.354142112475411,0.9466183107012057,5.726091080603958
68,6.7190065203335195e-06,6.118116946404687,0.7893848346373464,4.334630592010165
69,6.1661111875260025e-06,5.949194440259572,0.7477323447462024,3.745301802115042
70,5.046876435737135e-06,6.121153882518452,0.7917515471743358,3.649489525702683
71,5.60712269929336e-06,6.041982120959858,0.7106886322171181,3.053313985520898
72,6.265386300681879e-06,5.915660214310764,0.8626217542670244,1.57924151155574
73,5.674883113040822e-06,6.0068242449094935,0.7396500562506771,4.27036844769201
74,6.193714104325045e-06,6.157803649962,0.7858621065947802,2.1878599647880415
75,5.691464996476931e-06,6.058242099642542,0.926982177461223,2.659064289816182
76,6.264428892284004e-06,6.028211515576198,0.8501556885686992,3.896822611489248
77,6.2528259018676196e-06,6.279678033769332,0.8759447331774638,4.844365051053772
78,6.29828342637332e-06,6.444562274990026,0.8075788632617251,4.409493562653884
79,6.276072852957516e-06,6.016520136768173,0.6860900613761649,3.0290812419720914
80,6.33231319019028e-06,5.994796238262875,0.7272377141826553,5.460542584066945
81,6.25533963091426e-06,5.940618044197488,0.8851209067223073,3.0991733451781145
82,6.059186651637737e-06,6.040435645982438,0.8740483782986251,4.159655348480314
83,6.820085924298463e-06,6.400592860574119,0.7174640196584945,4.234478134189255
84,7.112886199747137e-06,6.165367288642811,0.721958411819169,3.7393218628179237
85,6.041562542408461e-06,5.956504294268721,0.8795091956858673,3.5889250958849295
86,5.661835751958215e-06,6.453605923337098,0.7835507216363969,4.31387584188222
87,6.440813215553645e-06,5.9959873390232685,0.7649000921128855,3.048763630693858
88,6.066619649118814e-06,5.915227013343968,0.7549676163331316,2.453468814692572
89,5.3080613033056815e-06,6.213551324536471,0.7395660497506914,4.598772375673887
90,6.020961015143115e-06,6.364853198650001,0.7707847672414009,3.1398555205739824
91,6.034644840112292e-06,6.109208870263083,0.8611759068104905,3.915470582806191
92,5.9825762194186405e-06,5.931410092934501,0.7712348253969792,2.921941922266167
93,5.673701964939891e-06,5.977667460868239,0.761124117801492,2.6723530814405794
94,6.5765711991553595e-06,5.862053167274069,0.8397952152674443,5.4009492284266285
95,6.386977187140045e-06,6.351488969649453,0.7258566708337845,5.179227668015766
96,6.580668410742939e-06,6.380645759011424,0.8624270365097022,4.551482506110749
97,7.222381362588612e-06,5.945088486009028,0.8404204252734462,3.635425222777946
98,6.972851035076226e-06,6.208178154549708,0.7921510648064172,6.948707501276077
99,6.395160648201009e-06,6.327659410414147,0.757056602298886,3.6346041045735156
100,6.115036808071125e-06,6.225611133931092,0.8046507162365645,3.973239098743586
